SampleID,COMID,CompStrgthWs,ElevWs,PctConif2006Ws,PctShrb2011Ws,PctSilicicWs,PermWs,Pestic97Ws,Precip08Ws,region_vpu,SandWs,Tmax8110Ws,Tmean08Ws
173432,18275645,68.16235134,2344.499101,10.99135929,86.16556722,0,6.468828394,0,580.3529749,CO_14,34.14912942,11.99526182,4.661857266
